cluster_id|norma
112|INC 02/2018
120|IN 01/2007
134|IN 01/2008
120|IN 01/2010
120|IN 01/2012
134|IN 01/2014
52|IN 01/2015
110|IN 02/2007
105|IN 02/2010
99|IN 02/2011
134|IN 02/2013
8|IN 02/2014
115|IN 02/2015
2|IN 03/2007
120|IN 03/2008
120|IN 03/2009
99|IN 03/2011
147|IN 03/2013
28|IN 03/2015
120|IN 04/2007
118|IN 04/2009
134|IN 04/2011
99|IN 04/2015
134|IN 05/2007
134|IN 05/2008
3|IN 05/2010
158|IN 05/2011
134|IN 05/2015
120|IN 06/2007
120|IN 06/2008
120|IN 06/2009
134|IN 06/2013
120|IN 06/2014
147|IN 06/2015
83|IN 07/2007
99|IN 07/2009
99|IN 07/2010
83|IN 07/2011
133|IN 07/2013
99|IN 08/2007
99|IN 08/2009
134|IN 08/2010
105|IN 08/2016
25|IN 09/2007
135|IN 09/2010
99|IN 09/2013
120|IN 10/2007
134|IN 10/2009
83|IN 11/2007
120|IN 11/2010
99|IN 11/2014
134|IN 11/2016
133|IN 12/2010
99|IN 13/2009
120|IN 19/2017
118|IN 20/2017
118|IN 21/2017
99|IN 22/2017
134|IN 23/2018
97|IN 24/2018
134|IN 25/2018
134|IN 26/2018
2|IN 27/2018
74|IN 28/2018
57|IN 02/2008
74|Portaria 540/1997
166|PRTC 02/2018
14|PRTC 133/2014
107|PRTC 01/2014
123|PRTC 370/2014
14|PRTC 950/2018
23|Portaria 107/2014
110|Portaria 1113/2013
74|Portaria 120/1999
23|Portaria 1244/2017
44|Portaria 1245/2017
110|Portaria 1282/2012
65|Portaria 130/1999
74|Portaria 131/1999
160|Portaria 1577/2008
23|Portaria 1693/2013
73|Portaria 177/1999
49|Portaria 1856/2017
109|Portaria 185/1999
66|Portaria 193/1999
50|Portaria 256/2014
50|Portaria 259/2014
123|Portaria 26/1999
157|Portaria 2982/2011
123|Portaria 337/1999
74|Portaria 376/1999
65|Portaria 377/1999
74|Portaria 379/1999
147|Portaria 387/2018
160|Portaria 422/2008
162|Portaria 523/2017
85|Portaria 06/1999
152|Portaria 748-A/2012
152|Portaria 748-B/2012
160|Portaria 849/2009
105|Portaria 963/2013
71|Portaria 36/1998
123|Portaria 802/1998
105|Portaria 86/1995
147|RDC 01/2000
110|RDC 01/2003
118|RDC 01/2008
109|RDC 01/2010
109|RDC 01/2012
145|RDC 01/2015
74|RDC 02/2001
74|RDC 02/2002
74|RDC 02/2004
105|RDC 02/2012
110|RDC 02/2013
145|RDC 02/2014
74|RDC 03/1999
74|RDC 03/2001
35|RDC 03/2002
147|RDC 03/2003
74|RDC 03/2007
157|RDC 03/2008
100|RDC 03/2011
115|RDC 03/2012
159|RDC 03/2014
120|RDC 04/2000
74|RDC 04/2007
147|RDC 04/2008
147|RDC 04/2010
100|RDC 04/2011
115|RDC 04/2014
152|RDC 05/2005
74|RDC 05/2007
138|RDC 05/2008
147|RDC 05/2010
100|RDC 05/2011
120|RDC 06/2003
154|RDC 06/2007
74|RDC 06/2008
57|RDC 07/2007
74|RDC 07/2008
70|RDC 07/2011
112|RDC 07/2013
147|RDC 07/2014
43|RDC 08/2007
74|RDC 08/2008
112|RDC 08/2013
85|RDC 08/2015
24|RDC 09/2000
120|RDC 09/2001
147|RDC 09/2007
91|RDC 09/2008
146|RDC 09/2013
24|RDC 100/2000
55|RDC 101/2001
120|RDC 102/2000
74|RDC 103/2000
118|RDC 103/2003
85|RDC 103/2016
145|RDC 104/2016
106|RDC 106/2003
106|RDC 107/2003
52|RDC 108/2000
115|RDC 10/1999
120|RDC 10/2001
111|RDC 10/2007
21|RDC 10/2008
145|RDC 10/2009
112|RDC 10/2010
120|RDC 10/2011
110|RDC 10/2013
56|RDC 10/2014
145|RDC 111/2005
147|RDC 112/2004
145|RDC 112/2006
147|RDC 114/2016
115|RDC 117/2001
122|RDC 118/2001
74|RDC 11/2002
109|RDC 11/2007
147|RDC 11/2008
145|RDC 11/2010
147|RDC 11/2011
110|RDC 11/2013
57|RDC 11/2014
145|RDC 11/2015
102|RDC 120/2002
120|RDC 120/2016
147|RDC 121/2003
73|RDC 122/2001
73|RDC 123/2001
147|RDC 123/2005
73|RDC 124/2001
105|RDC 124/2004
145|RDC 125/2005
120|RDC 126/2005
145|RDC 127/2016
115|RDC 128/2002
123|RDC 12/2001
74|RDC 12/2002
147|RDC 12/2007
74|RDC 12/2008
147|RDC 12/2009
138|RDC 12/2010
79|RDC 130/2003
127|RDC 131/2001
120|RDC 132/2003
147|RDC 132/2016
103|RDC 133/2001
120|RDC 133/2003
123|RDC 134/2001
120|RDC 134/2003
162|RDC 134/2017
95|RDC 135/2002
120|RDC 135/2003
120|RDC 135/2005
120|RDC 136/2003
74|RDC 137/2002
120|RDC 137/2003
134|RDC 138/2003
120|RDC 139/2003
29|RDC 13/2000
61|RDC 13/2001
115|RDC 13/2007
74|RDC 13/2008
110|RDC 13/2009
85|RDC 13/2010
147|RDC 140/2017
151|RDC 141/2003
162|RDC 141/2017
145|RDC 144/2017
19|RDC 147/2006
147|RDC 149/2003
61|RDC 14/1999
64|RDC 14/2000
111|RDC 14/2003
115|RDC 14/2007
147|RDC 14/2008
120|RDC 14/2010
111|RDC 14/2012
112|RDC 14/2013
74|RDC 14/2014
111|RDC 14/2015
35|RDC 151/2003
145|RDC 154/2006
147|RDC 155/2002
120|RDC 157/2002
109|RDC 158/2002
147|RDC 159/2003
64|RDC 15/2000
109|RDC 15/2001
85|RDC 15/2007
145|RDC 15/2008
123|RDC 15/2012
147|RDC 15/2014
115|RDC 15/2015
115|RDC 161/2001
115|RDC 162/2001
115|RDC 163/2001
147|RDC 166/2004
123|RDC 167/2004
104|RDC 168/2017
147|RDC 169/2006
106|RDC 16/2001
145|RDC 16/2006
120|RDC 16/2007
120|RDC 16/2008
147|RDC 16/2009
115|RDC 16/2011
98|RDC 16/2012
109|RDC 16/2014
110|RDC 16/2015
147|RDC 172/2006
147|RDC 173/2003
115|RDC 174/2003
74|RDC 175/2003
115|RDC 176/2003
147|RDC 176/2005
95|RDC 177/2017
74|RDC 178/2001
147|RDC 178/2006
143|RDC 17/1999
120|RDC 17/2000
106|RDC 17/2001
120|RDC 17/2007
73|RDC 17/2008
111|RDC 17/2009
123|RDC 17/2010
147|RDC 17/2011
109|RDC 17/2013
123|RDC 182/2017
109|RDC 183/2006
115|RDC 184/2001
120|RDC 184/2017
115|RDC 185/2001
106|RDC 185/2003
103|RDC 185/2006
95|RDC 185/2017
120|RDC 187/2017
143|RDC 18/1999
123|RDC 18/2000
74|RDC 18/2001
147|RDC 18/2007
74|RDC 18/2008
74|RDC 18/2010
110|RDC 18/2014
111|RDC 195/2017
147|RDC 196/2017
147|RDC 197/2003
118|RDC 197/2004
120|RDC 198/2002
147|RDC 198/2003
103|RDC 199/2004
109|RDC 199/2005
120|RDC 199/2006
61|RDC 19/1999
110|RDC 19/2002
154|RDC 19/2005
147|RDC 19/2006
95|RDC 19/2007
145|RDC 19/2014
145|RDC 19/2015
157|RDC 200/2002
120|RDC 200/2017
67|RDC 201/2005
145|RDC 201/2017
123|RDC 204/2006
74|RDC 205/2006
115|RDC 206/2006
147|RDC 207/2003
162|RDC 207/2018
146|RDC 208/2006
110|RDC 208/2018
120|RDC 209/2005
146|RDC 209/2006
147|RDC 209/2018
24|RDC 20/1999
73|RDC 20/2007
66|RDC 20/2008
147|RDC 20/2010
82|RDC 20/2011
105|RDC 20/2013
123|RDC 210/2003
120|RDC 210/2004
145|RDC 210/2006
162|RDC 210/2018
145|RDC 211/2006
147|RDC 211/2018
146|RDC 212/2006
97|RDC 212/2018
147|RDC 213/2001
122|RDC 213/2002
110|RDC 214/2002
123|RDC 214/2018
115|RDC 215/2005
162|RDC 215/2018
109|RDC 216/2002
147|RDC 216/2018
106|RDC 217/2001
74|RDC 217/2005
110|RDC 217/2006
147|RDC 217/2018
162|RDC 218/2018
118|RDC 219/2004
120|RDC 219/2018
147|RDC 21/1999
74|RDC 21/2007
106|RDC 21/2008
74|RDC 21/2015
147|RDC 220/2018
109|RDC 221/2001
69|RDC 221/2002
95|RDC 221/2018
24|RDC 222/2001
71|RDC 222/2002
106|RDC 222/2006
107|RDC 222/2018
162|RDC 223/2018
146|RDC 225/2018
111|RDC 226/2018
74|RDC 227/2003
85|RDC 227/2018
74|RDC 228/2003
110|RDC 228/2018
74|RDC 229/2003
147|RDC 229/2018
74|RDC 22/2000
74|RDC 22/2007
145|RDC 22/2008
145|RDC 230/2018
147|RDC 231/2018
120|RDC 232/2018
74|RDC 233/2001
147|RDC 233/2002
109|RDC 233/2018
74|RDC 234/2002
120|RDC 234/2005
109|RDC 234/2018
147|RDC 235/2001
145|RDC 235/2005
120|RDC 235/2018
106|RDC 236/2001
147|RDC 236/2018
147|RDC 237/2001
45|RDC 237/2002
105|RDC 237/2003
115|RDC 237/2018
109|RDC 238/2001
120|RDC 238/2003
120|RDC 238/2018
81|RDC 239/2002
74|RDC 239/2018
120|RDC 23/1999
74|RDC 23/2000
74|RDC 23/2007
147|RDC 23/2008
120|RDC 23/2009
100|RDC 23/2014
74|RDC 240/2018
157|RDC 241/2003
120|RDC 241/2018
134|RDC 242/2018
50|RDC 243/2003
74|RDC 243/2018
54|RDC 245/2003
74|RDC 248/2005
123|RDC 249/2005
74|RDC 24/2001
74|RDC 24/2005
74|RDC 24/2007
147|RDC 24/2008
115|RDC 24/2009
120|RDC 24/2011
120|RDC 24/2013
100|RDC 24/2014
120|RDC 24/2015
138|RDC 250/2002
122|RDC 251/2002
91|RDC 253/2003
120|RDC 254/2002
115|RDC 255/2005
115|RDC 256/2005
74|RDC 259/2002
147|RDC 25/1999
74|RDC 25/2005
74|RDC 25/2006
109|RDC 25/2007
147|RDC 25/2009
147|RDC 25/2010
105|RDC 25/2011
120|RDC 25/2013
100|RDC 25/2014
115|RDC 260/2002
120|RDC 260/2005
112|RDC 267/2005
145|RDC 268/2003
9|RDC 269/2005
118|RDC 26/1999
120|RDC 26/2007
74|RDC 26/2009
112|RDC 26/2014
74|RDC 26/2015
63|RDC 274/2002
123|RDC 275/2002
147|RDC 275/2003
145|RDC 276/2002
74|RDC 276/2003
120|RDC 278/2002
74|RDC 278/2005
74|RDC 27/2004
147|RDC 27/2006
83|RDC 27/2007
115|RDC 27/2008
74|RDC 27/2010
146|RDC 27/2015
146|RDC 280/2002
85|RDC 280/2004
74|RDC 286/2005
115|RDC 287/2005
123|RDC 28/2000
102|RDC 28/2002
120|RDC 28/2007
110|RDC 28/2008
74|RDC 28/2009
147|RDC 296/2005
120|RDC 298/2002
147|RDC 29/2000
147|RDC 29/2007
51|RDC 29/2008
147|RDC 29/2010
145|RDC 29/2013
143|RDC 300/2004
120|RDC 301/2005
74|RDC 302/2002
105|RDC 302/2004
74|RDC 303/2002
46|RDC 308/2002
114|RDC 30/2006
115|RDC 30/2007
147|RDC 30/2008
145|RDC 30/2010
147|RDC 30/2011
147|RDC 30/2015
168|RDC 310/2005
64|RDC 313/2004
105|RDC 314/2004
120|RDC 315/2005
105|RDC 316/2004
127|RDC 31/2001
147|RDC 31/2008
113|RDC 31/2011
147|RDC 31/2012
120|RDC 31/2014
147|RDC 320/2002
24|RDC 321/2003
117|RDC 324/2003
115|RDC 326/2005
132|RDC 32/2002
79|RDC 32/2003
99|RDC 32/2007
111|RDC 32/2008
115|RDC 32/2013
85|RDC 32/2015
147|RDC 331/2002
120|RDC 333/2003
147|RDC 337/2005
123|RDC 33/2000
145|RDC 33/2007
123|RDC 33/2008
113|RDC 33/2010
123|RDC 33/2014
64|RDC 344/2002
147|RDC 344/2003
109|RDC 346/2002
145|RDC 346/2005
90|RDC 347/2002
74|RDC 348/2003
105|RDC 349/2003
147|RDC 349/2005
147|RDC 34/2000
118|RDC 34/2008
115|RDC 34/2010
123|RDC 34/2015
110|RDC 350/2005
120|RDC 351/2005
147|RDC 354/2002
120|RDC 354/2003
74|RDC 359/2003
57|RDC 35/2001
147|RDC 35/2002
123|RDC 35/2003
147|RDC 35/2007
113|RDC 35/2008
115|RDC 35/2010
120|RDC 35/2012
35|RDC 35/2014
74|RDC 360/2003
147|RDC 36/2007
57|RDC 36/2008
115|RDC 36/2009
118|RDC 36/2012
115|RDC 36/2015
127|RDC 37/2000
115|RDC 37/2007
113|RDC 37/2008
118|RDC 37/2013
115|RDC 38/2000
115|RDC 38/2001
147|RDC 38/2007
147|RDC 38/2011
120|RDC 38/2014
74|RDC 39/2001
118|RDC 39/2008
115|RDC 39/2010
147|RDC 39/2013
145|RDC 39/2014
147|RDC 39/2015
74|RDC 40/2001
74|RDC 40/2002
120|RDC 40/2003
146|RDC 40/2007
115|RDC 40/2008
115|RDC 40/2015
118|RDC 41/2000
120|RDC 41/2003
146|RDC 41/2007
85|RDC 41/2008
74|RDC 41/2009
147|RDC 41/2011
146|RDC 41/2014
110|RDC 41/2015
146|RDC 42/2007
120|RDC 42/2009
71|RDC 42/2011
89|RDC 42/2013
145|RDC 42/2014
110|RDC 42/2015
74|RDC 43/2005
161|RDC 43/2006
146|RDC 43/2007
147|RDC 43/2009
71|RDC 43/2011
161|RDC 44/2006
85|RDC 44/2007
147|RDC 44/2009
82|RDC 44/2010
71|RDC 44/2011
115|RDC 44/2012
147|RDC 45/2000
104|RDC 45/2008
74|RDC 45/2010
71|RDC 45/2011
58|RDC 46/2002
154|RDC 46/2007
111|RDC 46/2009
74|RDC 46/2010
71|RDC 46/2011
146|RDC 46/2012
147|RDC 47/2000
115|RDC 47/2006
115|RDC 47/2007
120|RDC 47/2009
158|RDC 47/2011
123|RDC 47/2013
162|RDC 47/2015
120|RDC 48/2004
115|RDC 48/2006
147|RDC 48/2007
120|RDC 48/2009
24|RDC 48/2015
146|RDC 49/2007
120|RDC 49/2011
140|RDC 50/2001
145|RDC 50/2006
146|RDC 50/2007
120|RDC 50/2011
147|RDC 50/2014
147|RDC 50/2015
147|RDC 51/2007
113|RDC 51/2008
73|RDC 51/2010
147|RDC 51/2012
145|RDC 51/2015
143|RDC 52/2000
99|RDC 52/2007
123|RDC 52/2009
73|RDC 52/2010
147|RDC 52/2011
115|RDC 52/2015
74|RDC 53/2000
147|RDC 53/2007
145|RDC 53/2008
120|RDC 53/2015
123|RDC 54/2000
74|RDC 54/2007
145|RDC 54/2010
147|RDC 54/2011
120|RDC 54/2013
146|RDC 54/2015
109|RDC 55/2007
96|RDC 55/2008
115|RDC 55/2009
35|RDC 55/2012
107|RDC 56/2008
46|RDC 56/2009
95|RDC 56/2015
145|RDC 57/2008
52|RDC 57/2010
123|RDC 57/2012
120|RDC 57/2013
147|RDC 57/2015
147|RDC 58/2000
147|RDC 58/2007
138|RDC 58/2008
147|RDC 58/2009
101|RDC 58/2010
120|RDC 58/2013
147|RDC 58/2016
123|RDC 59/2000
74|RDC 59/2007
120|RDC 59/2009
115|RDC 59/2010
147|RDC 60/2000
74|RDC 60/2007
120|RDC 60/2009
120|RDC 60/2010
95|RDC 60/2016
109|RDC 61/2004
145|RDC 61/2007
82|RDC 61/2010
115|RDC 61/2011
103|RDC 61/2014
162|RDC 61/2016
35|RDC 62/2008
85|RDC 63/2007
85|RDC 63/2008
119|RDC 63/2009
74|RDC 64/2000
145|RDC 64/2007
119|RDC 64/2009
145|RDC 64/2012
145|RDC 64/2014
96|RDC 64/2016
74|RDC 65/2007
147|RDC 65/2008
81|RDC 65/2014
147|RDC 66/2007
113|RDC 66/2008
123|RDC 66/2009
119|RDC 66/2011
147|RDC 67/2002
120|RDC 67/2007
58|RDC 68/2002
110|RDC 68/2003
19|RDC 68/2007
147|RDC 68/2009
147|RDC 68/2011
147|RDC 68/2014
147|RDC 68/2016
74|RDC 69/2007
123|RDC 69/2008
74|RDC 70/2003
74|RDC 70/2007
123|RDC 70/2008
147|RDC 70/2016
106|RDC 71/2003
74|RDC 71/2008
120|RDC 71/2009
120|RDC 72/2004
147|RDC 72/2007
106|RDC 72/2009
35|RDC 73/2004
146|RDC 73/2007
146|RDC 74/2007
24|RDC 75/2007
113|RDC 75/2008
106|RDC 76/2003
83|RDC 76/2007
115|RDC 77/2001
115|RDC 77/2007
147|RDC 77/2016
102|RDC 78/2000
147|RDC 78/2006
115|RDC 78/2007
115|RDC 78/2016
115|RDC 79/2000
146|RDC 79/2003
85|RDC 79/2008
120|RDC 80/2002
143|RDC 80/2003
120|RDC 80/2006
106|RDC 80/2007
146|RDC 80/2016
123|RDC 81/2003
147|RDC 81/2007
110|RDC 81/2008
67|RDC 81/2016
112|RDC 82/2000
147|RDC 82/2007
74|RDC 83/2000
145|RDC 83/2006
115|RDC 83/2016
74|RDC 84/2000
120|RDC 84/2002
110|RDC 86/2000
111|RDC 86/2006
149|RDC 86/2007
105|RDC 86/2016
120|RDC 87/2007
85|RDC 88/2007
147|RDC 88/2008
74|RDC 89/2000
50|RDC 89/2001
147|RDC 89/2002
106|RDC 89/2007
145|RDC 89/2008
73|RDC 89/2016
64|RDC 90/2000
111|RDC 90/2007
73|RDC 90/2016
73|RDC 91/2001
147|RDC 91/2007
113|RDC 91/2008
120|RDC 92/2000
147|RDC 92/2007
64|RDC 93/2000
54|RDC 93/2006
43|RDC 93/2007
74|RDC 94/2000
147|RDC 94/2007
120|RDC 94/2008
147|RDC 95/2000
120|RDC 95/2008
145|RDC 96/2005
120|RDC 96/2008
146|RDC 97/2005
147|RDC 99/2000
110|RDC 99/2008
26|RE 02/1999
78|RE 04/1999
35|RE 105/1999
151|RE 10/2008
85|RE 147/1999
85|RE 166/2000
74|RE 16/1999
74|RE 17/1999
74|RE 18/1999
74|RE 19/1999
142|RE 210/1999
132|RE 229/1999
123|RE 309/1999
123|RE 310/1999
123|RE 327/1999
147|RE 328/1999
118|RE 329/1999
115|RE 335/1999
115|RE 336/1999
143|RE 362/1999
143|RE 363/1999
61|RE 364/1999
74|RE 382/1999
74|RE 384/1999
74|RE 385/1999
74|RE 386/1999
74|RE 387/1999
74|RE 388/1999
74|RE 389/1999
120|RE 391/1999
74|RE 449/1999
147|RE 460/1999
85|RE 478/1999
85|RE 480/1999
115|RE 481/1999
120|RE 510/1999
25|RE 01/1999
130|RE 01/2002
120|RE 1170/2006
136|RE 119/2004
136|RE 1315/2005
137|RE 1316/2005
67|RE 140/2002
147|RE 1450/2001
20|RE 1529/2003
95|RE 165/2003
57|RE 1671/2006
147|RE 198/2001
43|RE 01/2001
120|RE 215/2004
120|RE 2328/2005
147|RE 2347/2015
147|RE 2544/2017
114|RE 2606/2006
24|RE 2696/2017
120|RE 2999/2006
120|RE 310/2004
120|RE 321/2004
85|RE 33/2000
120|RE 397/2004
120|RE 398/2004
120|RE 483/2002
120|RE 485/2002
30|RE 515/2006
120|RE 560/2002
33|RE 572/2002
120|RE 893/2003
120|RE 896/2003
120|RE 897/2003
120|RE 899/2003
134|RE 89/2004
120|RE 900/2003
120|RE 901/2003
120|RE 902/2003
124|RE 90/2004
120|RE 91/2004
74|RE 22/2007
92|INC 01/2006
91|INC 01/2017
95|INC 02/2006
92|INC 03/2006
92|INC 32/2005
27|IN 01/2009
134|IN 01/2011
83|IN 01/2013
120|IN 02/2009
118|IN 02/2012
103|IN 03/2010
118|IN 03/2012
120|IN 03/2014
147|IN 04/2008
31|IN 04/2010
115|IN 04/2012
132|IN 04/2013
134|IN 04/2014
120|IN 05/2009
145|IN 05/2012
158|IN 05/2013
120|IN 05/2014
126|IN 06/2010
27|IN 06/2011
134|IN 07/2014
134|IN 07/2016
108|IN 08/2013
153|IN 08/2014
38|IN 09/2002
74|IN 09/2009
118|IN 09/2014
134|IN 10/2010
134|IN 10/2014
134|IN 10/2016
120|IN 11/2009
120|IN 12/2009
132|IN 12/2016
27|IN 13/2016
49|IN 14/2009
147|IN 14/2016
147|IN 15/2009
76|IN 15/2017
162|IN 16/2017
20|IN 17/2017
134|IN 18/2017
120|IN 09/2016
167|PRTC 01/2001
104|PRTC 01/2017
104|PRTC 02/2017
16|Portaria 114/1998
23|Portaria 1289/2015
17|Portaria 152/1998
115|Portaria 152/1999
11|Portaria 156/1992
18|Portaria 15/1990
11|Portaria 227/1996
16|Portaria 254/1999
123|Portaria 272/1998
16|Portaria 286/1999
16|Portaria 307/1997
163|Portaria 35/2018
22|Portaria 381/1999
65|Portaria 462/1997
15|Portaria 554/2002
16|Portaria 643/1997
105|Portaria 748-C/2012
162|Portaria 854/2017
16|Portaria 869/1998
115|Portaria 97/1996
48|Portaria 08/1987
123|Portaria 1428/1993
116|Portaria 108/1991
68|Portaria 133/1992
6|Portaria 38/1989
61|Portaria 1002/1998
72|Portaria 1003/1998
77|Portaria 1004/1998
16|Portaria 1050/1998
6|Portaria 13/1996
5|Portaria 161/1997
35|Portaria 174/1996
35|Portaria 175/1996
35|Portaria 176/1996
74|Portaria 222/1998
73|Portaria 27/1996
74|Portaria 28/1998
115|Portaria 295/1998
115|Portaria 296/1998
74|Portaria 29/1998
47|Portaria 322/1997
123|Portaria 326/1997
74|Portaria 32/1998
85|Portaria 344/1998
71|Portaria 34/1998
7|Portaria 35/1998
74|Portaria 40/1998
123|Portaria 453/1998
7|Portaria 503/1998
118|Portaria 554/1997
68|Portaria 685/1998
5|Portaria 72/1995
59|Portaria 741/1998
16|Portaria 818/1998
16|Portaria 946/1998
140|RDC 01/1999
95|RDC 01/2011
146|RDC 01/2013
119|RDC 01/2014
147|RDC 02/1999
106|RDC 02/2003
107|RDC 02/2010
120|RDC 02/2011
146|RDC 02/2015
141|RDC 03/2000
85|RDC 03/2004
115|RDC 03/2010
74|RDC 03/2013
85|RDC 03/2015
120|RDC 04/2009
91|RDC 04/2012
71|RDC 04/2013
120|RDC 04/2015
95|RDC 05/1999
96|RDC 05/2009
74|RDC 05/2013
105|RDC 05/2014
96|RDC 05/2015
95|RDC 06/1999
106|RDC 06/2001
147|RDC 06/2010
57|RDC 06/2011
121|RDC 06/2012
123|RDC 06/2013
85|RDC 06/2014
87|RDC 06/2015
95|RDC 07/1999
143|RDC 07/2000
85|RDC 07/2009
123|RDC 07/2010
100|RDC 07/2012
115|RDC 07/2015
123|RDC 08/2009
147|RDC 08/2010
147|RDC 08/2011
100|RDC 08/2012
110|RDC 08/2014
123|RDC 09/1999
147|RDC 09/2009
123|RDC 09/2010
123|RDC 09/2011
100|RDC 09/2012
147|RDC 09/2014
118|RDC 09/2015
147|RDC 100/2016
147|RDC 101/2000
109|RDC 102/2016
85|RDC 104/2000
111|RDC 104/2001
147|RDC 104/2004
111|RDC 105/2001
147|RDC 105/2016
147|RDC 106/2000
147|RDC 106/2016
120|RDC 107/2016
158|RDC 108/2016
115|RDC 109/2016
52|RDC 10/2004
106|RDC 10/2012
118|RDC 10/2015
115|RDC 110/2016
147|RDC 111/2016
123|RDC 112/2016
120|RDC 113/2016
1|RDC 115/2004
147|RDC 115/2016
147|RDC 116/2016
85|RDC 117/2016
147|RDC 118/2016
24|RDC 119/2016
147|RDC 11/2000
54|RDC 11/2004
57|RDC 11/2006
146|RDC 11/2009
123|RDC 11/2012
120|RDC 121/2016
147|RDC 122/2016
74|RDC 123/2016
152|RDC 124/2005
150|RDC 124/2016
106|RDC 125/2016
46|RDC 126/2016
110|RDC 128/2016
73|RDC 129/2002
1|RDC 129/2004
146|RDC 129/2016
54|RDC 12/2004
85|RDC 12/2006
85|RDC 12/2011
132|RDC 12/2012
51|RDC 12/2013
120|RDC 12/2014
95|RDC 12/2015
73|RDC 130/2002
85|RDC 130/2016
115|RDC 131/2016
147|RDC 133/2016
74|RDC 135/2017
74|RDC 136/2017
85|RDC 137/2004
147|RDC 137/2017
70|RDC 138/2017
147|RDC 139/2017
80|RDC 13/2011
51|RDC 13/2012
123|RDC 13/2013
123|RDC 13/2014
85|RDC 13/2015
120|RDC 140/2003
151|RDC 142/2003
115|RDC 142/2017
55|RDC 143/2003
85|RDC 143/2017
139|RDC 145/2017
85|RDC 147/2001
120|RDC 147/2017
147|RDC 148/2017
52|RDC 149/2001
74|RDC 149/2017
147|RDC 14/2009
27|RDC 14/2011
35|RDC 150/2003
64|RDC 150/2017
24|RDC 151/2017
147|RDC 152/2017
52|RDC 153/2004
162|RDC 153/2017
57|RDC 154/2004
147|RDC 154/2017
64|RDC 155/2017
145|RDC 156/2017
120|RDC 157/2017
147|RDC 158/2017
85|RDC 159/2017
147|RDC 15/1999
111|RDC 15/2003
147|RDC 15/2009
147|RDC 15/2010
115|RDC 15/2013
74|RDC 160/2017
147|RDC 161/2017
147|RDC 162/2017
147|RDC 163/2017
145|RDC 164/2017
162|RDC 165/2017
120|RDC 166/2017
60|RDC 167/2017
147|RDC 168/2002
111|RDC 168/2004
85|RDC 169/2017
147|RDC 16/2003
137|RDC 16/2010
123|RDC 16/2013
147|RDC 170/2017
147|RDC 171/2004
120|RDC 171/2017
63|RDC 172/2003
118|RDC 172/2017
139|RDC 173/2017
82|RDC 174/2017
107|RDC 175/2004
109|RDC 175/2006
85|RDC 175/2017
162|RDC 176/2017
85|RDC 178/2002
115|RDC 178/2017
115|RDC 179/2006
147|RDC 179/2017
109|RDC 17/2012
148|RDC 17/2014
110|RDC 17/2015
147|RDC 180/2017
147|RDC 181/2017
147|RDC 183/2017
109|RDC 185/2005
85|RDC 186/2017
24|RDC 187/2006
146|RDC 188/2005
85|RDC 188/2017
123|RDC 189/2003
85|RDC 18/2003
24|RDC 18/2009
110|RDC 18/2011
146|RDC 18/2012
123|RDC 18/2013
85|RDC 18/2015
52|RDC 190/2003
95|RDC 190/2017
120|RDC 191/2017
85|RDC 192/2017
70|RDC 193/2017
92|RDC 194/2002
117|RDC 194/2017
92|RDC 195/2002
26|RDC 197/2015
147|RDC 198/2017
35|RDC 199/2002
111|RDC 199/2003
147|RDC 199/2017
88|RDC 19/2000
85|RDC 19/2008
140|RDC 19/2009
74|RDC 19/2010
145|RDC 19/2011
52|RDC 19/2012
115|RDC 19/2013
85|RDC 200/2004
140|RDC 201/2006
85|RDC 202/2006
147|RDC 202/2017
110|RDC 203/2017
105|RDC 204/2005
120|RDC 204/2017
118|RDC 205/2017
94|RDC 206/2004
105|RDC 206/2005
43|RDC 206/2017
147|RDC 20/2003
147|RDC 20/2009
107|RDC 20/2012
123|RDC 20/2014
120|RDC 20/2015
115|RDC 211/2005
111|RDC 213/2018
120|RDC 214/2006
123|RDC 216/2004
91|RDC 216/2006
147|RDC 218/2006
157|RDC 219/2005
84|RDC 21/2009
85|RDC 21/2010
147|RDC 21/2011
120|RDC 21/2012
104|RDC 21/2013
125|RDC 21/2014
123|RDC 220/2004
123|RDC 220/2006
145|RDC 221/2004
50|RDC 221/2005
147|RDC 222/2003
145|RDC 224/2018
147|RDC 225/2003
95|RDC 226/2003
94|RDC 226/2004
85|RDC 228/2001
85|RDC 22/2001
113|RDC 22/2009
109|RDC 22/2010
111|RDC 22/2012
158|RDC 22/2013
83|RDC 22/2014
74|RDC 22/2015
120|RDC 232/2005
117|RDC 233/2005
102|RDC 234/2001
53|RDC 23/2002
106|RDC 23/2003
147|RDC 23/2010
51|RDC 23/2011
120|RDC 23/2012
79|RDC 23/2013
105|RDC 23/2015
43|RDC 240/2003
115|RDC 240/2004
95|RDC 244/2003
109|RDC 246/2002
85|RDC 249/2002
147|RDC 24/1999
52|RDC 24/2002
74|RDC 24/2010
147|RDC 24/2012
97|RDC 250/2004
24|RDC 251/2004
85|RDC 254/2003
147|RDC 25/2000
105|RDC 25/2008
50|RDC 25/2012
147|RDC 25/2015
74|RDC 264/2005
74|RDC 265/2005
74|RDC 266/2005
74|RDC 267/2003
74|RDC 268/2005
85|RDC 26/2005
85|RDC 26/2008
120|RDC 26/2010
147|RDC 26/2011
147|RDC 26/2012
147|RDC 26/2013
59|RDC 270/2005
147|RDC 27/1999
74|RDC 27/2000
74|RDC 27/2009
99|RDC 27/2011
120|RDC 27/2012
105|RDC 27/2013
100|RDC 27/2014
59|RDC 281/2003
145|RDC 281/2005
55|RDC 283/2005
95|RDC 28/2010
110|RDC 28/2011
110|RDC 28/2012
147|RDC 28/2013
100|RDC 28/2014
147|RDC 28/2015
52|RDC 29/1999
91|RDC 29/2009
55|RDC 29/2011
115|RDC 29/2012
100|RDC 29/2014
162|RDC 29/2015
123|RDC 302/2005
110|RDC 306/2002
123|RDC 307/2002
147|RDC 30/2009
45|RDC 30/2012
111|RDC 30/2013
147|RDC 30/2014
147|RDC 312/2005
24|RDC 318/2005
130|RDC 31/2002
52|RDC 31/2009
120|RDC 31/2010
158|RDC 31/2013
147|RDC 31/2015
74|RDC 320/2005
24|RDC 321/2002
120|RDC 323/2003
150|RDC 324/2005
95|RDC 326/2003
146|RDC 32/2009
147|RDC 32/2010
123|RDC 32/2011
123|RDC 32/2012
85|RDC 32/2014
143|RDC 334/2003
111|RDC 335/2003
107|RDC 33/2003
51|RDC 33/2006
110|RDC 33/2009
19|RDC 33/2011
98|RDC 33/2012
100|RDC 33/2013
115|RDC 33/2015
147|RDC 341/2002
107|RDC 342/2002
52|RDC 343/2002
115|RDC 343/2005
111|RDC 346/2003
123|RDC 347/2003
39|RDC 347/2005
95|RDC 34/2009
147|RDC 34/2011
147|RDC 34/2012
52|RDC 34/2014
107|RDC 351/2002
151|RDC 355/2002
62|RDC 35/2009
128|RDC 35/2011
103|RDC 35/2013
93|RDC 35/2015
107|RDC 36/2004
95|RDC 36/2010
85|RDC 36/2011
123|RDC 36/2013
147|RDC 36/2014
146|RDC 37/2009
95|RDC 37/2010
120|RDC 37/2011
85|RDC 37/2012
120|RDC 37/2014
138|RDC 37/2015
123|RDC 38/2008
145|RDC 38/2009
120|RDC 38/2010
111|RDC 38/2012
118|RDC 38/2013
145|RDC 38/2015
138|RDC 39/2009
146|RDC 39/2011
85|RDC 39/2012
85|RDC 40/2000
85|RDC 40/2009
147|RDC 40/2010
74|RDC 40/2011
110|RDC 40/2012
110|RDC 40/2013
109|RDC 40/2014
138|RDC 41/2010
147|RDC 41/2012
146|RDC 41/2013
74|RDC 42/2008
32|RDC 42/2010
147|RDC 42/2012
147|RDC 43/2008
24|RDC 43/2010
110|RDC 43/2012
111|RDC 43/2013
120|RDC 43/2014
123|RDC 43/2015
147|RDC 44/2008
95|RDC 44/2013
85|RDC 44/2014
85|RDC 44/2015
123|RDC 45/2003
120|RDC 45/2009
120|RDC 45/2012
95|RDC 45/2013
71|RDC 45/2014
147|RDC 45/2015
123|RDC 46/2000
111|RDC 46/2001
43|RDC 46/2008
24|RDC 46/2013
71|RDC 46/2014
147|RDC 46/2015
120|RDC 47/2001
147|RDC 47/2008
120|RDC 47/2010
147|RDC 47/2012
71|RDC 47/2014
31|RDC 48/2000
80|RDC 48/2010
147|RDC 48/2011
108|RDC 48/2012
123|RDC 48/2013
71|RDC 48/2014
147|RDC 49/2008
24|RDC 49/2009
146|RDC 49/2010
147|RDC 49/2012
162|RDC 49/2013
71|RDC 49/2014
85|RDC 49/2015
123|RDC 50/2002
51|RDC 50/2008
147|RDC 50/2009
146|RDC 50/2010
120|RDC 50/2012
147|RDC 50/2013
113|RDC 51/2009
123|RDC 51/2011
52|RDC 51/2013
153|RDC 51/2014
147|RDC 52/2008
24|RDC 52/2012
147|RDC 52/2013
56|RDC 52/2014
165|RDC 53/2009
147|RDC 53/2010
50|RDC 53/2011
147|RDC 53/2013
74|RDC 53/2014
111|RDC 54/2008
147|RDC 54/2009
74|RDC 54/2012
74|RDC 54/2014
59|RDC 55/2000
120|RDC 55/2010
138|RDC 55/2011
110|RDC 55/2013
74|RDC 55/2014
123|RDC 55/2015
52|RDC 56/2010
74|RDC 56/2011
73|RDC 56/2012
146|RDC 56/2013
118|RDC 56/2014
147|RDC 57/2009
74|RDC 57/2011
147|RDC 57/2014
147|RDC 58/2011
147|RDC 58/2012
120|RDC 58/2014
27|RDC 59/2008
24|RDC 59/2011
144|RDC 59/2012
70|RDC 59/2013
120|RDC 59/2014
146|RDC 59/2016
43|RDC 60/2008
146|RDC 60/2011
120|RDC 60/2012
120|RDC 60/2014
145|RDC 61/2008
123|RDC 61/2009
120|RDC 61/2012
85|RDC 62/2000
146|RDC 62/2009
111|RDC 62/2010
146|RDC 62/2011
110|RDC 62/2012
24|RDC 62/2014
110|RDC 62/2016
123|RDC 63/2000
147|RDC 63/2010
123|RDC 63/2011
145|RDC 63/2012
85|RDC 63/2014
43|RDC 63/2016
74|RDC 64/2008
146|RDC 64/2010
74|RDC 64/2011
43|RDC 65/2009
147|RDC 65/2010
74|RDC 65/2011
85|RDC 65/2016
112|RDC 66/2014
85|RDC 66/2016
130|RDC 67/2000
95|RDC 67/2006
123|RDC 67/2008
120|RDC 67/2009
146|RDC 67/2011
103|RDC 67/2014
118|RDC 67/2016
41|RDC 68/2000
147|RDC 68/2004
147|RDC 68/2008
37|RDC 69/2009
115|RDC 69/2016
85|RDC 70/2009
119|RDC 70/2014
145|RDC 71/2016
144|RDC 72/2008
51|RDC 72/2016
52|RDC 73/2000
101|RDC 73/2008
120|RDC 73/2016
146|RDC 74/2008
105|RDC 74/2016
52|RDC 75/2016
127|RDC 76/2001
106|RDC 76/2008
120|RDC 76/2016
74|RDC 77/2000
147|RDC 77/2008
146|RDC 78/2008
85|RDC 79/2016
140|RDC 80/2008
61|RDC 81/2000
24|RDC 82/2008
115|RDC 82/2016
147|RDC 83/2008
95|RDC 84/2008
146|RDC 84/2016
52|RDC 85/2000
147|RDC 85/2008
143|RDC 85/2016
41|RDC 86/2002
147|RDC 86/2008
84|RDC 87/2008
85|RDC 87/2016
73|RDC 88/2016
147|RDC 90/2008
74|RDC 91/2000
123|RDC 91/2016
115|RDC 92/2008
93|RDC 92/2016
138|RDC 93/2008
147|RDC 93/2016
138|RDC 94/2016
147|RDC 95/2016
130|RDC 96/2000
118|RDC 96/2016
115|RDC 97/2000
147|RDC 97/2008
120|RDC 97/2016
85|RDC 98/2000
147|RDC 98/2008
134|RDC 98/2016
147|RDC 99/2016
16|RE 112/1999
13|RE 150/1999
111|RE 320/1999
16|RE 323/1999
74|RE 383/1999
141|RE 464/1999
59|RE 482/1999
16|RE 04/2000
16|RE 09/1999
36|RE 09/2003
58|RE 1319/2002
120|RE 1548/2003
16|RE 15/2000
16|RE 22/2000
16|RE 30/1999
16|RE 34/2000
16|RE 51/2000
16|RE 85/2000
120|RE 894/2003
120|RE 895/2003
120|RE 898/2003
88|INC 01/2002
88|INC 01/2003
89|INC 01/2010
4|INC 01/2013
89|INC 01/2014
88|INC 02/2015
38|INC 09/2002
95|INC 11/2015
95|INC 01/2008
99|IN 29/2018
140|Portaria 1161/2012
110|Portaria 1687/2012
157|Portaria 2795/2012
157|Portaria 2796/2012
157|Portaria 2797/2012
157|Portaria 2801/2012
123|Portaria 3202/2007
91|Portaria 03/1992
106|Portaria 45/2017
68|Portaria 11/1987
12|Portaria 24/1987
74|Portaria 30/1998
74|Portaria 31/1998
7|Portaria 39/1998
79|Portaria 54/1995
66|Portaria 987/1998
74|RDC 01/2001
146|RDC 01/2004
76|RDC 02/2007
91|RDC 04/2001
91|RDC 05/2001
88|RDC 05/2003
74|RDC 07/2001
123|RDC 08/2001
43|RDC 08/2004
123|RDC 101/2006
146|RDC 101/2016
158|RDC 102/2001
158|RDC 103/2001
120|RDC 104/2006
120|RDC 108/2005
95|RDC 111/2006
147|RDC 115/2001
91|RDC 119/2003
74|RDC 123/2004
95|RDC 124-A/2006
137|RDC 124/2002
146|RDC 129/2003
156|RDC 131/2002
115|RDC 13/2003
110|RDC 13/2004
85|RDC 13/2006
66|RDC 146/2001
10|RDC 146/2017
156|RDC 14/2001
52|RDC 151/2001
114|RDC 156/2006
121|RDC 161/2004
74|RDC 163/2006
95|RDC 164/2006
95|RDC 165/2006
74|RDC 169/2002
153|RDC 169/2005
147|RDC 170/2002
20|RDC 171/2002
123|RDC 171/2006
129|RDC 172/2002
123|RDC 173/2006
109|RDC 176/2006
74|RDC 179/2001
110|RDC 17/2003
47|RDC 180/2006
112|RDC 181/2006
74|RDC 182/2006
147|RDC 186/2004
42|RDC 188/2006
29|RDC 192/2002
147|RDC 193/2002
26|RDC 197/2015
156|RDC 19/2001
69|RDC 19/2003
74|RDC 01/2002
85|RDC 201/2002
86|RDC 202/2002
147|RDC 202/2005
105|RDC 205/2005
120|RDC 207/2006
115|RDC 208/2003
126|RDC 208/2005
123|RDC 20/2006
147|RDC 213/2006
147|RDC 215/2002
40|RDC 215/2006
73|RDC 217/2002
73|RDC 218/2002
123|RDC 218/2005
147|RDC 219/2002
112|RDC 219/2006
74|RDC 21/2001
69|RDC 21/2003
115|RDC 220/2005
154|RDC 221/2006
147|RDC 228/2005
110|RDC 229/2001
85|RDC 231/2001
146|RDC 235/2004
155|RDC 239/2005
74|RDC 23/2005
147|RDC 243/2002
147|RDC 244/2005
147|RDC 244/2018
144|RDC 245/2018
85|RDC 246/2018
145|RDC 247/2018
10|RDC 248/2018
145|RDC 249/2018
146|RDC 24/2004
147|RDC 250/2005
131|RDC 250/2018
159|RDC 251/2018
88|RDC 252/2002
115|RDC 252/2003
147|RDC 252/2018
74|RDC 253/2005
105|RDC 253/2018
115|RDC 25/2001
105|RDC 261/2002
146|RDC 261/2004
146|RDC 262/2005
74|RDC 263/2005
74|RDC 271/2005
74|RDC 272/2005
74|RDC 273/2005
120|RDC 274/2004
123|RDC 274/2005
123|RDC 275/2005
74|RDC 276/2005
130|RDC 277/2002
74|RDC 277/2005
146|RDC 280/2003
74|RDC 28/2001
43|RDC 292/2005
146|RDC 295/2003
20|RDC 296/2004
147|RDC 297/2004
111|RDC 304/2002
122|RDC 305/2002
147|RDC 305/2004
146|RDC 309/2005
130|RDC 30/2002
146|RDC 312/2004
58|RDC 322/2002
147|RDC 32/2001
129|RDC 332/2002
115|RDC 338/2005
58|RDC 339/2005
74|RDC 33/2001
33|RDC 340/2002
115|RDC 340/2005
109|RDC 345/2002
115|RDC 345/2005
146|RDC 348/2005
74|RDC 34/2001
158|RDC 34/2013
112|RDC 352/2002
147|RDC 353/2002
147|RDC 36/2001
110|RDC 37/2006
7|RDC 39/2002
91|RDC 44/2000
156|RDC 45/2001
120|RDC 46/2006
95|RDC 48/2008
147|RDC 53/2005
146|RDC 54/2004
120|RDC 55/2005
115|RDC 56/2001
146|RDC 56/2002
92|RDC 57/2002
157|RDC 65/2004
157|RDC 67/2004
123|RDC 69/2014
157|RDC 72/2001
158|RDC 74/2000
54|RDC 75/2003
120|RDC 77/2003
120|RDC 78/2003
74|RDC 79/2002
34|RDC 83/2002
147|RDC 86/2003
50|RDC 90/2001
157|RDC 91/2004
147|RDC 97/2003
147|RDC 98/2003
74|RE 17/1999
147|RE 2313/2006
72|RE 04/1988
120|RE 01/ 2005
141|RE 02/2000
147|RE 124/2004
164|RE 1554/2002
139|RE 16/2004
114|RE 2305/ 2007
13|RE 2585/2006
114|RE 2606/ 2006
24|RE 2714/2018
30|RE 3385/ 2006
120|RE 482/2002
75|RE 5052/2011
130|RE 528/2001
130|RE 543/2001
